[
  {
    "id": 1,
    "request_date": "2025-09-12",
    "applicant": "Paul",
    "transporter": "L",
    "from_location": "평촌",
    "to_location": "판교",
    "item": "센서 2개",
    "applicant_amount": 5000,
    "transporter_amount": 5000,
    "accumulate_date": "2025-09-16",
    "deadline_date": "",
    "status": "완료",
    "created_at": "2025-09-12T10:00:00",
    "source": "manual"
  },
  {
    "id": 2,
    "request_date": "2025-09-13",
    "applicant": "Sammy",
    "transporter": "Kai",
    "from_location": "평촌",
    "to_location": "판교",
    "item": "박스",
    "applicant_amount": 5000,
    "transporter_amount": 5000,
    "accumulate_date": "2025-09-17",
    "deadline_date": "",
    "status": "완료",
    "created_at": "2025-09-13T14:00:00",
    "source": "manual"
  },
  {
    "id": 3,
    "request_date": "2025-09-14",
    "applicant": "Jack",
    "transporter": "Anna",
    "from_location": "판교",
    "to_location": "광주",
    "item": "박스",
    "applicant_amount": 5000,
    "transporter_amount": 10000,
    "accumulate_date": "2025-09-19",
    "deadline_date": "",
    "status": "완료",
    "created_at": "2025-09-14T09:00:00",
    "source": "manual"
  },
  {
    "id": 4,
    "request_date": "2025-09-15",
    "applicant": "Jake",
    "transporter": "James",
    "from_location": "광주",
    "to_location": "판교",
    "item": "ML-U 센서",
    "applicant_amount": 5000,
    "transporter_amount": 10000,
    "accumulate_date": "2025-09-19",
    "deadline_date": "",
    "status": "완료",
    "created_at": "2025-09-15T11:00:00",
    "source": "manual"
  },
  {
    "id": 5,
    "request_date": "2025-09-15",
    "applicant": "Jinie",
    "transporter": "James",
    "from_location": "판교",
    "to_location": "광주",
    "item": "SL-U 보드 세트",
    "applicant_amount": 5000,
    "transporter_amount": 10000,
    "accumulate_date": "2025-09-17",
    "deadline_date": "",
    "status": "완료",
    "created_at": "2025-09-15T15:00:00",
    "source": "manual"
  },
  {
    "id": 6,
    "request_date": "2025-09-16",
    "applicant": "Yup",
    "transporter": "Brown",
    "from_location": "평촌",
    "to_location": "판교",
    "item": "임시노트북",
    "applicant_amount": 5000,
    "transporter_amount": 5000,
    "accumulate_date": "2025-09-17",
    "deadline_date": "",
    "status": "완료",
    "created_at": "2025-09-16T10:00:00",
    "source": "manual"
  },
  {
    "id": 7,
    "request_date": "2025-09-20",
    "applicant": "Jayone",
    "transporter": "",
    "from_location": "판교",
    "to_location": "광주",
    "item": "ML-U 센서",
    "applicant_amount": 5000,
    "transporter_amount": 10000,
    "accumulate_date": "",
    "deadline_date": "",
    "status": "진행중",
    "created_at": "2025-09-20T16:00:00",
    "source": "manual"
  },
  {
    "id": 8,
    "request_date": "2025-09-23",
    "applicant": "TestUser",
    "transporter": "",
    "from_location": "평촌",
    "to_location": "판교",
    "item": "센서",
    "applicant_amount": 5000,
    "transporter_amount": 5000,
    "accumulate_date": "",
    "deadline_date": "",
    "status": "대기중",
    "created_at": "2025-09-23T13:40:43.063774",
    "source": "webhook",
    "thread_id": null,
    "message_id": null
  },
  {
    "id": 9,
    "request_date": "2025-09-23",
    "applicant": "TestUser",
    "transporter": "",
    "from_location": "판교",
    "to_location": "광주",
    "item": "센서",
    "applicant_amount": 5000,
    "transporter_amount": 10000,
    "accumulate_date": "",
    "deadline_date": "",
    "status": "대기중",
    "created_at": "2025-09-23T13:42:26.772057",
    "source": "webhook",
    "thread_id": null,
    "message_id": null
  }
]